{
    "width": 640,
    "height": 480,
    "intrinsic_matrix": [
        615.2316284179688,
        0,
        0,
        0,
        615.45654296875,
        0,
        321.2477111816406,
        244.24676513671875,
        1
    ]
}